[
    {
        "section": "content",
        "actions": [
            {
                "action": "Created",
                "doctypes": [
                    {
                        "doctypeAlias": "",
                        "properties": [
                            {
                                "propertyAlias": "date",
                                "config": {
                                    "propertyType": "datetime",
                                    "propertyAliasToCopyValue": "",
                                    "defaultValue": "now"
                                }
                            }
                        ]
                    },
                    {
                        "doctypeAlias": "contentPage",
                        "properties": [
                            {
                                "propertyAlias": "title",
                                "config": {
                                    "propertyType": "string",
                                    "propertyAliasToCopyValue": "",
                                    "defaultValue": "New title"
                                }
                            }
                        ]
                    }
                ]
            },
            {
                "action": "Saving",
                "doctypes": [
                    {
                        "doctypeAlias": "",
                        "properties": [
                            {
                                "propertyAlias": "date",
                                "config": {
                                    "propertyType": "datetime",
                                    "propertyAliasToCopyValue": "CreateDate",
                                    "defaultValue": ""
                                }
                            },
                            {
                                "propertyAlias": "title",
                                "config": {
                                    "propertyType": "string",
                                    "propertyAliasToCopyValue": "Name",
                                    "defaultValue": ""
                                }
                            }
                        ]
                    },
                    {
                        "doctypeAlias": "contentPage",
                        "properties": [
                            {
                                "propertyAlias": "excerpt",
                                "config": {
                                    "propertyType": "string",
                                    "propertyAliasToCopyValue": "",
                                    "defaultValue": "Lorem ipsum dolor sit amet, consectetur adipiscing elit, sed do eiusmod tempor incididunt ut labore et dolore magna aliqua."
                                }
                            },
                            {
                                "propertyAlias": "isBool",
                                "config": {
                                    "propertyType": "bool",
                                    "propertyAliasToCopyValue": "",
                                    "defaultValue": "true"
                                }
                            }
                        ]
                    }
                ]
            }
        ]
    },
    {
        "section": "media",
        "actions": [
            {
                "action": "Created",
                "doctypes": [
                    {
                        "doctypeAlias": "",
                        "properties": [
                            {
                                "propertyAlias": "date",
                                "config": {
                                    "propertyType": "datetime",
                                    "propertyAliasToCopyValue": "",
                                    "defaultValue": "now"
                                }
                            }
                        ]
                    },
                    {
                        "doctypeAlias": "contentPage",
                        "properties": [
                            {
                                "propertyAlias": "title",
                                "config": {
                                    "propertyType": "string",
                                    "propertyAliasToCopyValue": "",
                                    "defaultValue": "New title"
                                }
                            }
                        ]
                    }
                ]
            },
            {
                "action": "Saving",
                "doctypes": [
                    {
                        "doctypeAlias": "",
                        "properties": [
                            {
                                "propertyAlias": "date",
                                "config": {
                                    "propertyType": "datetime",
                                    "propertyAliasToCopyValue": "CreateDate",
                                    "defaultValue": ""
                                }
                            },
                            {
                                "propertyAlias": "title",
                                "config": {
                                    "propertyType": "string",
                                    "propertyAliasToCopyValue": "Name",
                                    "defaultValue": ""
                                }
                            }
                        ]
                    },
                    {
                        "doctypeAlias": "contentPage",
                        "properties": [
                            {
                                "propertyAlias": "excerpt",
                                "config": {
                                    "propertyType": "string",
                                    "propertyAliasToCopyValue": "",
                                    "defaultValue": "Lorem ipsum dolor sit amet, consectetur adipiscing elit, sed do eiusmod tempor incididunt ut labore et dolore magna aliqua."
                                }
                            },
                            {
                                "propertyAlias": "isBool",
                                "config": {
                                    "propertyType": "bool",
                                    "propertyAliasToCopyValue": "",
                                    "defaultValue": "true"
                                }
                            }
                        ]
                    }
                ]
            }
        ]
    }
]